"filename", "language", "Fortran90", "Julia", "PDF", "Wolfram Language", "source.markdown.math", "MATLAB", "comment", "blank", "total"
"s:\Things\CFD\CFD\BC.jl", "Julia", 0, 255, 0, 0, 0, 0, 1, 73, 329
"s:\Things\CFD\CFD\MMS_func.jl", "Julia", 0, 167, 0, 0, 0, 0, 3, 20, 190
"s:\Things\CFD\CFD\Project_Files\CFD.project.v1.pdf", "PDF", 0, 0, 330, 0, 0, 0, 0, 25, 355
"s:\Things\CFD\CFD\Project_Files\Grid-In_Solution-Out.f95", "Fortran90", 34, 0, 0, 0, 0, 0, 17, 8, 59
"s:\Things\CFD\CFD\Project_Files\Grids\grdread2.m", "MATLAB", 0, 0, 0, 0, 0, 58, 43, 1, 102
"s:\Things\CFD\CFD\Project_Files\MMS_functions_2D.f95", "Fortran90", 261, 0, 0, 0, 0, 0, 14, 62, 337
"s:\Things\CFD\CFD\Project_Files\Paper_Template_Aug10.pdf", "PDF", 0, 0, 870, 0, 0, 0, 0, 47, 917
"s:\Things\CFD\CFD\Project_Files\aiaa2002-3110.pdf", "PDF", 0, 0, 32248, 0, 0, 0, 0, 142, 32390
"s:\Things\CFD\CFD\Project_Files\article.mms.pdf", "PDF", 0, 0, 4678, 0, 0, 0, 0, 36, 4714
"s:\Things\CFD\CFD\Project_Files\detailedExampleOutput.f90", "Fortran90", 36, 0, 0, 0, 0, 0, 46, 15, 97
"s:\Things\CFD\CFD\Project_Files\detailedExampleOutput.f95", "Fortran90", 36, 0, 0, 0, 0, 0, 46, 15, 97
"s:\Things\CFD\CFD\Project_Files\euler.2d.C.nb", "Wolfram Language", 0, 0, 0, 1691, 0, 0, 160, 107, 1958
"s:\Things\CFD\CFD\Project_Files\euler.2d.nb", "Wolfram Language", 0, 0, 0, 600, 0, 0, 200, 100, 900
"s:\Things\CFD\CFD\flux.jl", "Julia", 0, 130, 0, 0, 0, 0, 10, 50, 190
"s:\Things\CFD\CFD\fread.jl", "Julia", 0, 33, 0, 0, 0, 0, 3, 10, 46
"s:\Things\CFD\CFD\functions.jl", "Julia", 0, 245, 0, 0, 0, 0, 10, 69, 324
"s:\Things\CFD\CFD\includes.jl", "Julia", 0, 9, 0, 0, 0, 0, 0, 1, 10
"s:\Things\CFD\CFD\initialize.jl", "Julia", 0, 42, 0, 0, 0, 0, 1, 8, 51
"s:\Things\CFD\CFD\main.jl", "Julia", 0, 54, 0, 0, 0, 0, 8, 30, 92
"s:\Things\CFD\CFD\map.md", "source.markdown.math", 0, 0, 0, 0, 34, 0, 0, 1, 35
"s:\Things\CFD\CFD\muscl.jl", "Julia", 0, 118, 0, 0, 0, 0, 6, 31, 155
"s:\Things\CFD\CFD\read.jl", "Julia", 0, 47, 0, 0, 0, 0, 0, 11, 58
"s:\Things\CFD\CFD\read_grid.jl", "Julia", 0, 77, 0, 0, 0, 0, 9, 12, 98
"s:\Things\CFD\CFD\readin.f95", "Fortran90", 15, 0, 0, 0, 0, 0, 16, 5, 36
"Total", "-", 382, 1177, 38126, 2291, 34, 58, 593, 879, 43540